"CivilServicePensionRecipient","CurrentCivilServant","Disability","Ethnicity","FirstName","Gender","Nationality","PersonalEmailAddress","PreferredName","PreviousCivilServant","Religion","SexualOrientation","Status","Surname","TelephoneNumberContact1","UniqueEmployeeId"
"null","null","null","null","Leisha","null","null","test2@not.real","","null","null","null","","Rachèle","","2"
"null","null","null","null","Brnaby","null","null","test3@not.real","","null","null","null","","Andrée","","3"
"null","null","null","null","Jamey","null","null","test4@not.real","","null","null","null","","Cécilia","","4"
"null","null","null","null","Carol","null","null","test5@not.real","","null","null","null","","Mélys","","5"
"null","null","null","null","Quent","null","null","test6@not.real","","null","null","null","","Sòng","","6"
"null","null","null","null","Sheba","null","null","test7@not.real","","null","null","null","","Alizée","","7"
"null","null","null","null","Stacia","null","null","test8@not.real","","null","null","null","","Desirée","","8"
"null","null","null","null","Filberto","null","null","test9@not.real","","null","null","null","","Anaé","","9"
"null","null","null","null","Onida","null","null","test10@not.real","","null","null","null","","Gwenaëlle","","10"
"null","null","null","null","Madelina","null","null","test1@not.real","","null","null","null","","Sharland","","1"
